S.NO.,Invoice ID,City,Customer type,Gender,Product line,Quantity,Total,DATE,TIME,Payment,Rating,Month
1,765-26-6951,MUMBAI,Normal,Male,Sports and travel,6,457.443,01-01-2019,10:39,Credit card,6.9,January
2,530-90-9855,MUMBAI,Member,Male,Home and lifestyle,8,399.756,01-01-2019,14:47,Cash,5.7,January
7,651-88-7328,MUMBAI,Normal,Female,Fashion accessories,9,621.243,01-01-2019,13:55,Cash,7.7,January
8,182-52-7000,MUMBAI,Member,Female,Sports and travel,4,113.568,01-01-2019,20:26,Ewallet,6.9,January
9,416-17-9926,MUMBAI,Member,Female,Electronic accessories,10,779.31,01-01-2019,14:42,Credit card,4.3,January
16,220-28-1851,MUMBAI,Normal,Male,Home and lifestyle,2,72.933,03-01-2019,18:14,Ewallet,9.7,January
20,811-03-8790,MUMBAI,Normal,Female,Electronic accessories,10,477.54,03-01-2019,10:22,Credit card,4.8,January
21,247-11-2470,MUMBAI,Member,Female,Fashion accessories,4,93.744,03-01-2019,16:23,Credit card,4.4,January
23,249-42-3782,MUMBAI,Normal,Male,Health and beauty,5,367.5525,03-01-2019,11:36,Ewallet,5.5,January
24,749-24-1565,MUMBAI,Normal,Female,Health and beauty,9,217.6335,03-01-2019,12:02,Ewallet,7.9,January
26,422-29-8786,MUMBAI,Normal,Female,Home and lifestyle,5,352.2225,03-01-2019,16:47,Credit card,9.1,January
34,731-14-2199,MUMBAI,Member,Female,Home and lifestyle,10,373.17,04-01-2019,13:34,Ewallet,7,January
36,132-23-6451,MUMBAI,Member,Male,Health and beauty,5,110.0925,04-01-2019,13:21,Cash,7.8,January
37,750-67-8428,MUMBAI,Member,Female,Health and beauty,7,548.9715,05-01-2019,13:08,Ewallet,9.1,January
39,217-58-1179,MUMBAI,Member,Male,Home and lifestyle,4,263.13,05-01-2019,11:25,Cash,4.2,January
40,144-51-6085,MUMBAI,Member,Male,Home and lifestyle,4,297.108,05-01-2019,16:05,Credit card,4.4,January
43,209-61-0206,MUMBAI,Normal,Female,Home and lifestyle,5,225.2775,05-01-2019,17:29,Ewallet,6.1,January
48,489-82-1237,MUMBAI,Normal,Female,Electronic accessories,7,690.018,05-01-2019,11:51,Credit card,7.3,January
50,704-11-6354,MUMBAI,Member,Male,Home and lifestyle,8,494.76,06-01-2019,11:23,Cash,8.9,January
51,490-29-1201,MUMBAI,Normal,Female,Sports and travel,1,16.107,06-01-2019,11:09,Cash,6.5,January
53,662-72-2873,MUMBAI,Normal,Female,Food and beverages,5,214.935,06-01-2019,13:58,Ewallet,9.9,January
56,852-82-2749,MUMBAI,Normal,Male,Sports and travel,4,271.278,06-01-2019,13:35,Ewallet,9.3,January
57,846-10-0341,MUMBAI,Normal,Female,Fashion accessories,7,312.8895,06-01-2019,11:51,Cash,6.8,January
60,799-71-1548,MUMBAI,Member,Male,Electronic accessories,4,326.424,07-01-2019,16:11,Credit card,8.8,January
61,126-54-1082,MUMBAI,Member,Female,Home and lifestyle,9,203.553,07-01-2019,11:44,Credit card,8.8,January
65,541-48-8554,MUMBAI,Normal,Male,Sports and travel,9,575.9775,07-01-2019,12:08,Credit card,6,January
72,674-15-9296,MUMBAI,Normal,Male,Sports and travel,5,194.985,08-01-2019,13:05,Ewallet,5,January
79,257-60-7754,MUMBAI,Normal,Female,Electronic accessories,4,210.966,08-01-2019,17:12,Cash,9,January
81,840-76-5966,MUMBAI,Member,Male,Sports and travel,2,26.796,08-01-2019,18:06,Ewallet,7.8,January
82,124-31-1458,MUMBAI,Member,Female,Electronic accessories,3,250.7085,08-01-2019,14:30,Cash,6.6,January
89,288-62-1085,MUMBAI,Member,Male,Fashion accessories,5,202.335,09-01-2019,13:34,Ewallet,5.6,January
93,665-32-9167,MUMBAI,Member,Female,Health and beauty,2,76.146,10-01-2019,17:15,Credit card,7.2,January
95,873-51-0671,MUMBAI,Member,Female,Sports and travel,7,161.553,10-01-2019,16:42,Ewallet,5.1,January
96,744-02-5987,MUMBAI,Member,Male,Home and lifestyle,6,493.794,10-01-2019,14:16,Ewallet,5.8,January
103,478-06-7835,MUMBAI,Normal,Male,Fashion accessories,1,94.1745,11-01-2019,11:20,Ewallet,4.9,January
104,540-11-4336,MUMBAI,Normal,Male,Food and beverages,9,235.683,11-01-2019,16:49,Credit card,5.6,January
105,289-15-7034,MUMBAI,Member,Male,Sports and travel,4,345.786,11-01-2019,10:37,Credit card,7.5,January
106,732-67-5346,MUMBAI,Normal,Male,Food and beverages,5,72.3975,11-01-2019,19:07,Credit card,7.8,January
107,130-67-4723,MUMBAI,Member,Male,Food and beverages,6,305.55,11-01-2019,13:57,Ewallet,9.4,January
109,406-46-7107,MUMBAI,Normal,Female,Home and lifestyle,6,608.076,11-01-2019,11:52,Cash,4.5,January
110,381-20-0914,MUMBAI,Member,Female,Fashion accessories,9,189.0945,12-01-2019,15:48,Credit card,5.7,January
111,704-48-3927,MUMBAI,Member,Male,Electronic accessories,10,931.035,12-01-2019,14:50,Ewallet,7.3,January
115,647-50-1224,MUMBAI,Normal,Female,Fashion accessories,10,308.91,12-01-2019,16:23,Ewallet,8.9,January
123,459-50-7686,MUMBAI,Normal,Female,Electronic accessories,6,147.798,13-01-2019,19:14,Ewallet,6.4,January
127,460-93-5834,MUMBAI,Normal,Male,Sports and travel,7,335.013,13-01-2019,10:03,Cash,5,January
128,397-25-8725,MUMBAI,Member,Female,Health and beauty,9,374.409,13-01-2019,17:54,Credit card,6.8,January
130,195-06-0432,MUMBAI,Member,Male,Home and lifestyle,3,255.1815,13-01-2019,12:55,Credit card,9.3,January
133,667-23-5919,MUMBAI,Member,Female,Fashion accessories,5,507.675,14-01-2019,12:52,Ewallet,7,January
137,588-47-8641,MUMBAI,Member,Male,Fashion accessories,10,588.42,14-01-2019,19:30,Ewallet,4.4,January
145,272-65-1806,MUMBAI,Normal,Female,Electronic accessories,9,575.316,15-01-2019,17:17,Ewallet,4.7,January
148,138-17-5109,MUMBAI,Member,Female,Home and lifestyle,9,843.0345,15-01-2019,15:42,Credit card,6.5,January
149,301-11-9629,MUMBAI,Normal,Female,Sports and travel,7,140.385,15-01-2019,10:43,Cash,9.7,January
150,589-02-8023,MUMBAI,Member,Male,Food and beverages,2,175.917,15-01-2019,10:54,Credit card,7,January
154,886-54-6089,MUMBAI,Normal,Female,Home and lifestyle,6,72.009,15-01-2019,17:24,Cash,7.7,January
164,648-83-1321,MUMBAI,Member,Male,Home and lifestyle,10,667.38,16-01-2019,17:59,Cash,4.3,January
166,618-34-8551,MUMBAI,Normal,Female,Sports and travel,2,195.678,16-01-2019,18:41,Credit card,8.5,January
168,746-54-5508,MUMBAI,Normal,Male,Home and lifestyle,6,135.576,17-01-2019,12:48,Credit card,9.4,January
170,698-98-5964,MUMBAI,Normal,Female,Food and beverages,10,852.705,17-01-2019,13:01,Credit card,6.3,January
174,445-30-9252,MUMBAI,Normal,Male,Sports and travel,3,80.955,17-01-2019,17:59,Ewallet,6.1,January
176,497-37-6538,MUMBAI,Normal,Male,Sports and travel,7,432.9885,17-01-2019,15:15,Ewallet,9.7,January
178,700-81-1757,MUMBAI,Normal,Female,Electronic accessories,5,138.1275,18-01-2019,20:59,Credit card,8.8,January
181,706-36-6154,MUMBAI,Member,Male,Home and lifestyle,9,182.952,18-01-2019,18:43,Ewallet,8.7,January
182,562-12-5430,MUMBAI,Member,Female,Fashion accessories,3,277.6725,18-01-2019,10:11,Ewallet,7.9,January
185,166-19-2553,MUMBAI,Member,Male,Sports and travel,6,561.078,18-01-2019,17:26,Cash,9.9,January
187,645-44-1170,MUMBAI,Member,Male,Home and lifestyle,9,548.7615,19-01-2019,20:07,Ewallet,4.3,January
189,796-32-9050,MUMBAI,Normal,Male,Food and beverages,6,323.064,19-01-2019,16:31,Cash,6.5,January
192,882-40-4577,MUMBAI,Member,Male,Sports and travel,4,282.492,19-01-2019,15:28,Credit card,8,January
195,149-61-1929,MUMBAI,Normal,Male,Sports and travel,10,673.995,19-01-2019,14:08,Credit card,6.7,January
196,482-17-1179,MUMBAI,Member,Male,Electronic accessories,3,37.611,19-01-2019,12:47,Credit card,8.1,January
197,832-51-6761,MUMBAI,Normal,Male,Food and beverages,8,284.592,19-01-2019,20:29,Ewallet,9.6,January
198,125-45-2293,MUMBAI,Normal,Female,Fashion accessories,6,624.33,19-01-2019,13:11,Cash,4.2,January
201,809-69-9497,MUMBAI,Normal,Female,Home and lifestyle,10,479.64,19-01-2019,19:30,Ewallet,5.7,January
203,817-48-8732,MUMBAI,Member,Female,Home and lifestyle,10,759.675,20-01-2019,15:55,Cash,5.4,January
205,645-78-8093,MUMBAI,Normal,Female,Sports and travel,2,195.594,20-01-2019,18:09,Ewallet,4.1,January
210,410-67-1709,MUMBAI,Member,Female,Fashion accessories,8,536.592,20-01-2019,17:48,Ewallet,9.9,January
211,787-87-2010,MUMBAI,Member,Male,Health and beauty,4,233.1,20-01-2019,15:48,Credit card,6.6,January
213,329-62-1586,MUMBAI,Normal,Male,Food and beverages,3,172.2105,21-01-2019,18:00,Credit card,8.6,January
215,239-10-7476,MUMBAI,Normal,Female,Home and lifestyle,6,491.085,21-01-2019,16:37,Ewallet,8,January
216,316-68-6352,MUMBAI,Member,Female,Food and beverages,2,76.356,21-01-2019,10:00,Cash,7.1,January
217,462-67-9126,MUMBAI,Normal,Male,Home and lifestyle,6,461.286,21-01-2019,17:44,Cash,7.2,January
218,269-10-8440,MUMBAI,Member,Male,Health and beauty,7,390.7995,21-01-2019,18:01,Cash,8.9,January
221,287-21-9091,MUMBAI,Normal,Male,Home and lifestyle,9,705.6315,22-01-2019,10:55,Ewallet,9.4,January
225,460-35-4390,MUMBAI,Normal,Male,Home and lifestyle,3,96.642,22-01-2019,11:00,Ewallet,9.1,January
232,604-70-6476,MUMBAI,Member,Male,Fashion accessories,5,94.185,23-01-2019,14:04,Ewallet,6.8,January
235,213-32-1216,MUMBAI,Normal,Female,Electronic accessories,6,416.178,23-01-2019,10:28,Cash,7.3,January
237,318-12-0304,MUMBAI,Normal,Male,Fashion accessories,1,32.1405,23-01-2019,12:20,Ewallet,5.2,January
238,828-46-6863,MUMBAI,Member,Male,Food and beverages,6,620.739,23-01-2019,11:22,Credit card,4,January
241,160-22-2687,MUMBAI,Member,Female,Health and beauty,5,503.7375,23-01-2019,14:21,Ewallet,8.8,January
242,316-66-3011,MUMBAI,Member,Female,Food and beverages,9,450.1035,23-01-2019,12:35,Cash,5,January
243,809-46-1866,MUMBAI,Normal,Male,Health and beauty,4,244.23,23-01-2019,17:44,Cash,8.4,January
245,232-11-3025,MUMBAI,Normal,Male,Sports and travel,10,827.085,24-01-2019,10:04,Cash,6.4,January
247,726-27-2396,MUMBAI,Normal,Female,Health and beauty,5,406.875,24-01-2019,20:36,Ewallet,4.3,January
248,435-13-4908,MUMBAI,Member,Male,Fashion accessories,8,728.112,24-01-2019,18:04,Credit card,7.2,January
254,778-34-2523,MUMBAI,Member,Female,Electronic accessories,8,408.408,24-01-2019,10:57,Cash,5,January
255,237-44-6163,MUMBAI,Normal,Male,Electronic accessories,8,88.704,24-01-2019,17:43,Cash,7.6,January
263,888-02-0338,MUMBAI,Normal,Male,Electronic accessories,9,247.8735,25-01-2019,20:24,Ewallet,5.9,January
265,307-83-9164,MUMBAI,Member,Male,Home and lifestyle,4,252.042,25-01-2019,15:54,Cash,4.5,January
270,340-21-9136,MUMBAI,Member,Female,Sports and travel,4,168.21,25-01-2019,11:40,Cash,9.7,January
271,856-66-2701,MUMBAI,Member,Male,Home and lifestyle,3,167.895,25-01-2019,14:19,Ewallet,7.5,January
274,843-73-4724,MUMBAI,Normal,Male,Fashion accessories,1,77.805,25-01-2019,11:05,Cash,9.2,January
281,834-61-8124,MUMBAI,Normal,Male,Electronic accessories,7,379.9215,26-01-2019,18:22,Cash,5.5,January
287,308-39-1707,MUMBAI,Normal,Female,Fashion accessories,1,12.6945,26-01-2019,18:19,Credit card,8.2,January
288,896-34-0956,MUMBAI,Normal,Male,Fashion accessories,1,22.386,26-01-2019,12:43,Cash,5.9,January
292,123-19-1176,MUMBAI,Member,Male,Health and beauty,8,489.048,27-01-2019,20:33,Ewallet,8.4,January
293,870-54-3162,MUMBAI,Normal,Female,Sports and travel,5,169.3125,27-01-2019,13:26,Cash,9,January
294,633-91-1052,MUMBAI,Normal,Female,Home and lifestyle,2,25.263,27-01-2019,15:51,Cash,5.1,January
300,595-27-4851,MUMBAI,Normal,Female,Fashion accessories,7,398.958,27-01-2019,18:05,Ewallet,9.3,January
301,534-01-4457,MUMBAI,Normal,Male,Food and beverages,6,514.773,27-01-2019,14:36,Credit card,8,January
304,585-90-0249,MUMBAI,Member,Male,Electronic accessories,1,76.923,27-01-2019,18:08,Ewallet,9.7,January
313,726-29-6793,MUMBAI,Member,Male,Electronic accessories,8,203.112,28-01-2019,20:54,Ewallet,9.8,January
318,865-41-9075,MUMBAI,Normal,Male,Food and beverages,7,84.7455,28-01-2019,17:35,Cash,8.1,January
320,746-94-0204,MUMBAI,Normal,Male,Fashion accessories,9,786.618,29-01-2019,11:56,Credit card,7.4,January
324,575-67-1508,MUMBAI,Normal,Male,Electronic accessories,1,40.53,29-01-2019,11:26,Ewallet,6.7,January
327,816-72-8853,MUMBAI,Member,Female,Sports and travel,5,146.6325,29-01-2019,15:48,Cash,5.9,January
328,800-09-8606,MUMBAI,Member,Female,Home and lifestyle,5,458.6925,29-01-2019,19:45,Cash,6.6,January
330,569-76-2760,MUMBAI,Member,Female,Sports and travel,4,92.442,29-01-2019,18:15,Credit card,6.6,January
339,804-38-3935,MUMBAI,Member,Male,Electronic accessories,3,295.407,30-01-2019,11:32,Credit card,5.9,January
343,366-93-0948,MUMBAI,Member,Male,Electronic accessories,1,69.6675,31-01-2019,10:46,Credit card,9.7,January
348,187-83-5490,MUMBAI,Member,Male,Electronic accessories,4,87.234,31-01-2019,13:47,Cash,4.7,January
354,522-57-8364,MUMBAI,Member,Male,Fashion accessories,8,431.256,31-01-2019,10:00,Ewallet,7.6,January
357,105-31-1824,MUMBAI,Member,Male,Sports and travel,7,510.972,01-02-2019,15:10,Credit card,8.5,February
358,870-76-1733,MUMBAI,Member,Female,Food and beverages,5,74.7075,01-02-2019,10:08,Credit card,4.4,February
360,443-82-0585,MUMBAI,Member,Female,Health and beauty,4,326.256,01-02-2019,19:54,Cash,8.4,February
361,504-35-8843,MUMBAI,Normal,Male,Sports and travel,1,44.5935,01-02-2019,16:57,Cash,5.7,February
366,712-39-0363,MUMBAI,Member,Male,Food and beverages,6,262.458,01-02-2019,15:24,Ewallet,5.6,February
370,382-03-4532,MUMBAI,Member,Female,Health and beauty,1,19.2465,02-02-2019,18:50,Cash,4.3,February
371,642-32-2990,MUMBAI,Normal,Female,Food and beverages,10,115.08,02-02-2019,20:48,Ewallet,6,February
376,405-31-3305,MUMBAI,Member,Male,Fashion accessories,10,452.865,02-02-2019,18:31,Credit card,5.5,February
378,420-18-8989,MUMBAI,Member,Female,Sports and travel,8,432.768,02-02-2019,15:47,Cash,9.6,February
383,549-59-1358,MUMBAI,Member,Male,Sports and travel,3,279.1845,03-02-2019,17:36,Ewallet,6,February
393,860-73-6466,MUMBAI,Member,Female,Sports and travel,2,82.887,03-02-2019,16:16,Credit card,5,February
398,720-72-2436,MUMBAI,Normal,Male,Food and beverages,4,279.384,03-02-2019,18:14,Ewallet,6.9,February
403,430-60-3493,MUMBAI,Member,Female,Home and lifestyle,7,697.368,03-02-2019,14:38,Cash,4.2,February
404,566-71-1091,MUMBAI,Normal,Male,Fashion accessories,5,404.355,03-02-2019,15:59,Cash,5.5,February
409,443-59-0061,MUMBAI,Member,Male,Food and beverages,10,708.225,03-02-2019,11:25,Ewallet,4.2,February
410,742-04-5161,MUMBAI,Member,Male,Home and lifestyle,10,764.19,03-02-2019,17:24,Cash,7.3,February
412,585-86-8361,MUMBAI,Normal,Female,Food and beverages,5,143.22,03-02-2019,10:31,Credit card,8.6,February
415,441-94-7118,MUMBAI,Member,Male,Electronic accessories,1,75.5475,04-02-2019,12:14,Cash,7.3,February
417,745-71-3520,MUMBAI,Member,Female,Electronic accessories,7,185.367,04-02-2019,10:23,Cash,8.2,February
420,695-28-6250,MUMBAI,Normal,Female,Sports and travel,5,226.065,04-02-2019,16:38,Ewallet,7.7,February
421,518-17-2983,MUMBAI,Normal,Female,Fashion accessories,4,204.246,04-02-2019,15:44,Ewallet,7.6,February
424,404-91-5964,MUMBAI,Normal,Male,Electronic accessories,7,548.163,04-02-2019,16:09,Credit card,9,February
429,729-09-9681,MUMBAI,Member,Male,Home and lifestyle,6,163.233,05-02-2019,10:16,Ewallet,8.7,February
433,880-35-0356,MUMBAI,Member,Female,Sports and travel,3,236.88,05-02-2019,11:51,Ewallet,4.8,February
434,307-04-2070,MUMBAI,Member,Female,Fashion accessories,1,32.151,05-02-2019,14:14,Credit card,4.1,February
435,325-89-4209,MUMBAI,Member,Male,Food and beverages,1,92.295,05-02-2019,19:42,Ewallet,6.7,February
437,324-92-3863,MUMBAI,Member,Male,Electronic accessories,2,43.869,05-02-2019,18:45,Cash,9.8,February
444,609-81-8548,MUMBAI,Member,Female,Home and lifestyle,6,235.872,06-02-2019,13:55,Credit card,5.9,February
446,258-92-7466,MUMBAI,Normal,Female,Health and beauty,5,187.32,06-02-2019,18:33,Credit card,6.6,February
451,252-56-2699,MUMBAI,Normal,Male,Food and beverages,10,453.495,07-02-2019,16:48,Ewallet,8.2,February
452,635-40-6220,MUMBAI,Normal,Male,Health and beauty,8,752.64,07-02-2019,11:28,Ewallet,6.6,February
460,560-49-6611,MUMBAI,Member,Female,Sports and travel,1,47.859,07-02-2019,14:13,Cash,9.8,February
461,421-95-9805,MUMBAI,Normal,Female,Electronic accessories,1,30.408,07-02-2019,10:18,Credit card,6.2,February
467,453-33-6436,MUMBAI,Normal,Female,Home and lifestyle,8,782.208,07-02-2019,10:09,Cash,6.8,February
471,373-73-7910,MUMBAI,Normal,Male,Sports and travel,7,634.3785,08-02-2019,10:37,Ewallet,5.3,February
475,687-47-8271,MUMBAI,Normal,Male,Fashion accessories,10,1039.29,08-02-2019,16:20,Credit card,8.7,February
480,756-49-0168,MUMBAI,Member,Male,Fashion accessories,1,20.685,08-02-2019,11:39,Ewallet,9.5,February
486,447-15-7839,MUMBAI,Member,Female,Sports and travel,10,233.52,09-02-2019,11:00,Cash,4.2,February
491,146-09-5432,MUMBAI,Member,Male,Food and beverages,9,331.128,09-02-2019,19:17,Ewallet,4.6,February
495,727-02-1313,MUMBAI,Member,Male,Food and beverages,1,33.432,09-02-2019,13:22,Cash,7.7,February
497,162-48-8011,MUMBAI,Member,Female,Food and beverages,5,234.0975,10-02-2019,15:10,Cash,8.5,February
500,685-64-1609,MUMBAI,Member,Female,Fashion accessories,10,316.47,10-02-2019,12:28,Ewallet,9.2,February
501,400-60-7251,MUMBAI,Normal,Male,Home and lifestyle,1,77.7735,10-02-2019,12:50,Ewallet,9.9,February
504,559-98-9873,MUMBAI,Member,Female,Fashion accessories,7,394.3275,10-02-2019,12:56,Ewallet,5.2,February
512,534-53-3526,MUMBAI,Normal,Female,Sports and travel,4,397.992,11-02-2019,16:06,Ewallet,7.8,February
514,531-56-4728,MUMBAI,Normal,Male,Home and lifestyle,3,252.252,11-02-2019,15:29,Cash,5.4,February
515,365-64-0515,MUMBAI,Normal,Female,Electronic accessories,5,246.4875,12-02-2019,10:25,Ewallet,7.1,February
518,287-83-1405,MUMBAI,Normal,Male,Health and beauty,6,160.209,12-02-2019,19:01,Ewallet,7,February
521,373-14-0504,MUMBAI,Member,Female,Sports and travel,2,150.423,12-02-2019,14:33,Ewallet,8.8,February
524,151-16-1484,MUMBAI,Member,Male,Electronic accessories,4,135.45,13-02-2019,12:38,Ewallet,6.5,February
525,563-36-9814,MUMBAI,Member,Male,Electronic accessories,1,80.661,13-02-2019,18:27,Ewallet,7.2,February
532,638-60-7125,MUMBAI,Normal,Female,Electronic accessories,8,836.304,14-02-2019,17:03,Credit card,5.2,February
534,150-89-8043,MUMBAI,Normal,Male,Sports and travel,3,140.6475,14-02-2019,15:04,Cash,6.2,February
537,528-14-9470,MUMBAI,Member,Male,Health and beauty,1,95.865,14-02-2019,14:42,Ewallet,9.2,February
542,136-08-6195,MUMBAI,Normal,Female,Home and lifestyle,8,587.664,15-02-2019,17:01,Credit card,6.4,February
543,372-94-8041,MUMBAI,Normal,Male,Health and beauty,6,96.138,15-02-2019,18:03,Ewallet,9.8,February
550,152-68-2907,MUMBAI,Normal,Male,Food and beverages,3,164.43,15-02-2019,13:30,Credit card,9.5,February
552,305-03-2383,MUMBAI,Normal,Female,Food and beverages,3,211.365,15-02-2019,10:36,Cash,7.5,February
554,497-36-0989,MUMBAI,Normal,Male,Fashion accessories,3,163.611,15-02-2019,15:21,Cash,7.9,February
565,873-14-6353,MUMBAI,Member,Male,Food and beverages,7,182.427,16-02-2019,10:33,Credit card,7.1,February
566,636-48-8204,MUMBAI,Normal,Male,Electronic accessories,5,181.44,17-02-2019,11:15,Ewallet,9.9,February
570,803-17-8013,MUMBAI,Member,Female,Home and lifestyle,8,745.836,17-02-2019,17:09,Cash,4.1,February
571,634-97-8956,MUMBAI,Normal,Male,Food and beverages,3,103.635,17-02-2019,17:27,Credit card,9.1,February
572,612-36-5536,MUMBAI,Member,Male,Food and beverages,8,680.064,17-02-2019,11:12,Credit card,7.4,February
573,827-77-7633,MUMBAI,Normal,Male,Sports and travel,9,926.9505,17-02-2019,19:41,Cash,9.3,February
575,788-21-5741,MUMBAI,Normal,Male,Fashion accessories,3,142.947,17-02-2019,13:34,Credit card,7.2,February
578,131-70-8179,MUMBAI,Member,Female,Health and beauty,3,290.0835,17-02-2019,16:27,Cash,4.2,February
580,354-39-5160,MUMBAI,Member,Female,Home and lifestyle,6,216.846,18-02-2019,15:39,Cash,9.8,February
581,278-97-7759,MUMBAI,Member,Female,Electronic accessories,1,65.604,18-02-2019,20:29,Cash,4.7,February
585,849-09-3807,MUMBAI,Member,Female,Fashion accessories,7,649.299,18-02-2019,13:28,Cash,6.6,February
588,868-06-0466,MUMBAI,Member,Male,Electronic accessories,9,657.531,19-02-2019,19:38,Credit card,7.8,February
592,409-33-9708,MUMBAI,Normal,Female,Fashion accessories,2,206.808,19-02-2019,10:12,Ewallet,9.2,February
593,449-16-6770,MUMBAI,Normal,Male,Health and beauty,5,266.6475,19-02-2019,14:53,Credit card,5.3,February
594,384-59-6655,MUMBAI,Member,Female,Food and beverages,9,932.337,19-02-2019,15:07,Cash,8.4,February
596,782-95-9291,MUMBAI,Member,Male,Food and beverages,5,484.5225,20-02-2019,15:55,Credit card,9,February
599,725-56-0833,MUMBAI,Normal,Female,Health and beauty,10,339.36,20-02-2019,16:49,Credit card,10,February
602,546-80-2899,MUMBAI,Member,Male,Home and lifestyle,2,79.149,20-02-2019,15:29,Ewallet,9.5,February
605,319-74-2561,MUMBAI,Member,Female,Electronic accessories,3,298.116,21-02-2019,16:55,Cash,5.5,February
616,807-14-7833,MUMBAI,Member,Female,Electronic accessories,10,182.91,22-02-2019,12:30,Ewallet,7,February
617,864-24-7918,MUMBAI,Member,Female,Sports and travel,10,257.145,22-02-2019,15:15,Cash,8.1,February
621,347-56-2442,MUMBAI,Normal,Male,Home and lifestyle,1,69.111,22-02-2019,15:33,Cash,4.1,February
628,274-05-5470,MUMBAI,Member,Female,Food and beverages,4,308.574,23-02-2019,18:30,Cash,6,February
636,380-60-5336,MUMBAI,Normal,Female,Electronic accessories,10,422.73,24-02-2019,18:06,Credit card,5,February
637,186-43-8965,MUMBAI,Member,Female,Home and lifestyle,2,100.128,24-02-2019,10:10,Credit card,4.1,February
639,355-53-5943,MUMBAI,Member,Female,Electronic accessories,6,433.692,25-02-2019,14:36,Ewallet,5.8,February
642,275-28-0149,MUMBAI,Normal,Male,Sports and travel,1,66.8745,25-02-2019,16:21,Cash,6,February
645,502-05-1910,MUMBAI,Normal,Male,Health and beauty,3,205.317,25-02-2019,20:35,Credit card,6.3,February
647,719-89-8991,MUMBAI,Member,Female,Sports and travel,5,479.9025,25-02-2019,16:03,Ewallet,7.1,February
648,308-81-0538,MUMBAI,Normal,Female,Fashion accessories,4,306.81,25-02-2019,17:16,Credit card,4.9,February
653,459-45-2396,MUMBAI,Member,Female,Food and beverages,3,313.74,25-02-2019,18:45,Cash,5.8,February
660,491-38-3499,MUMBAI,Member,Male,Fashion accessories,1,58.2225,26-02-2019,17:46,Credit card,4.9,February
662,702-72-0487,MUMBAI,Normal,Female,Electronic accessories,2,97.881,26-02-2019,12:28,Credit card,6.6,February
666,135-84-8019,MUMBAI,Normal,Female,Fashion accessories,9,736.4385,27-02-2019,16:10,Ewallet,7.6,February
672,105-10-6182,MUMBAI,Member,Male,Fashion accessories,2,45.108,27-02-2019,12:22,Ewallet,6.6,February
674,250-17-5703,MUMBAI,Member,Male,Food and beverages,10,197.925,27-02-2019,18:24,Ewallet,5.6,February
676,263-12-5321,MUMBAI,Member,Male,Electronic accessories,7,680.61,27-02-2019,12:52,Credit card,9.3,February
677,243-55-8457,MUMBAI,Normal,Female,Food and beverages,10,781.62,27-02-2019,11:40,Ewallet,5.1,February
681,786-94-2700,MUMBAI,Member,Male,Food and beverages,6,507.906,28-02-2019,20:18,Cash,9.1,February
682,635-28-5728,MUMBAI,Normal,Male,Health and beauty,3,176.4,28-02-2019,19:33,Ewallet,4.8,February
684,631-41-3108,MUMBAI,Normal,Male,Home and lifestyle,7,340.5255,03-03-2019,13:23,Credit card,7.4,March
688,175-54-2529,MUMBAI,Member,Male,Food and beverages,8,186.228,03-03-2019,17:01,Credit card,9.6,March
691,568-88-3448,MUMBAI,Normal,Male,Health and beauty,1,26.25,03-03-2019,15:09,Ewallet,5.5,March
694,610-46-4100,MUMBAI,Normal,Male,Health and beauty,7,212.7825,03-03-2019,20:31,Credit card,6,March
696,651-96-5970,MUMBAI,Normal,Male,Fashion accessories,1,48.7305,03-03-2019,20:06,Credit card,4,March
699,586-25-0848,MUMBAI,Normal,Female,Sports and travel,7,90.699,04-03-2019,11:19,Credit card,6.7,March
700,667-92-0055,MUMBAI,Member,Male,Health and beauty,6,628.929,04-03-2019,15:02,Ewallet,8.5,March
703,256-08-8343,MUMBAI,Normal,Female,Home and lifestyle,4,237.426,04-03-2019,19:48,Ewallet,5.5,March
704,227-50-3718,MUMBAI,Normal,Male,Health and beauty,5,76.755,04-03-2019,12:23,Cash,4.4,March
705,689-05-1884,MUMBAI,Member,Male,Health and beauty,10,510.615,04-03-2019,12:44,Cash,8.8,March
706,759-29-9521,MUMBAI,Member,Female,Fashion accessories,9,462.672,04-03-2019,11:27,Cash,8,March
707,276-75-6884,MUMBAI,Normal,Female,Health and beauty,3,216.4365,04-03-2019,10:05,Cash,8.7,March
708,558-60-5016,MUMBAI,Normal,Female,Home and lifestyle,9,314.685,04-03-2019,15:27,Ewallet,7.2,March
709,221-25-5073,MUMBAI,Normal,Female,Food and beverages,4,313.572,04-03-2019,10:39,Cash,8.5,March
718,848-42-2560,MUMBAI,Normal,Female,Fashion accessories,2,172.011,05-03-2019,17:43,Cash,7.8,March
723,655-07-2265,MUMBAI,Normal,Male,Electronic accessories,3,246.6765,05-03-2019,16:38,Ewallet,5.4,March
727,199-75-8169,MUMBAI,Member,Male,Sports and travel,10,166.005,06-03-2019,12:27,Credit card,8.6,March
728,802-70-5316,MUMBAI,Member,Female,Sports and travel,6,580.419,06-03-2019,20:34,Cash,8.3,March
733,254-31-0042,MUMBAI,Member,Male,Electronic accessories,9,203.175,06-03-2019,12:46,Credit card,7.8,March
734,885-17-6250,MUMBAI,Normal,Female,Health and beauty,1,83.727,06-03-2019,10:36,Ewallet,7.3,March
741,423-64-4619,MUMBAI,Member,Female,Health and beauty,9,146.9475,07-03-2019,13:12,Cash,5,March
744,643-38-7867,MUMBAI,Normal,Male,Home and lifestyle,1,102.837,07-03-2019,11:44,Ewallet,6.9,March
746,748-45-2862,MUMBAI,Member,Female,Home and lifestyle,4,118.902,07-03-2019,18:35,Cash,8.2,March
748,594-34-4444,MUMBAI,Normal,Male,Electronic accessories,1,102.018,08-03-2019,20:38,Ewallet,7.2,March
751,563-91-7120,MUMBAI,Normal,Female,Fashion accessories,5,324.2925,08-03-2019,13:21,Cash,6.7,March
753,325-77-6186,MUMBAI,Member,Female,Home and lifestyle,10,951.825,08-03-2019,10:53,Ewallet,7.3,March
755,345-08-4992,MUMBAI,Normal,Male,Home and lifestyle,6,214.137,08-03-2019,15:37,Credit card,7.7,March
764,157-13-5295,MUMBAI,Member,Male,Health and beauty,10,545.37,09-03-2019,18:24,Ewallet,6.5,March
765,815-11-1168,MUMBAI,Member,Male,Food and beverages,5,523.845,09-03-2019,19:09,Cash,5.4,March
766,308-47-4913,MUMBAI,Member,Female,Sports and travel,10,548.73,09-03-2019,12:45,Credit card,6.2,March
769,127-47-6963,MUMBAI,Normal,Male,Health and beauty,4,217.182,09-03-2019,13:53,Credit card,9.8,March
771,816-57-2053,MUMBAI,Normal,Male,Sports and travel,2,127.827,09-03-2019,12:37,Ewallet,8.7,March
773,652-43-6591,MUMBAI,Normal,Female,Fashion accessories,8,817.236,09-03-2019,13:18,Credit card,6.2,March
774,189-17-4241,MUMBAI,Normal,Female,Fashion accessories,2,184.107,10-03-2019,12:17,Credit card,7.7,March
775,129-29-8530,MUMBAI,Member,Male,Sports and travel,5,328.755,10-03-2019,19:15,Ewallet,7,March
776,668-90-8900,MUMBAI,Normal,Female,Home and lifestyle,7,688.6215,10-03-2019,18:44,Credit card,4.5,March
779,696-90-2548,MUMBAI,Normal,Male,Sports and travel,3,81.396,10-03-2019,18:55,Ewallet,6.6,March
781,239-48-4278,MUMBAI,Member,Male,Food and beverages,7,74.4555,10-03-2019,19:35,Ewallet,8.3,March
785,745-74-0715,MUMBAI,Normal,Male,Electronic accessories,2,121.863,10-03-2019,20:46,Ewallet,8.8,March
786,656-95-9349,MUMBAI,Member,Female,Health and beauty,7,506.6355,11-03-2019,11:03,Credit card,4.6,March
790,721-86-6247,MUMBAI,Normal,Female,Home and lifestyle,8,532.728,11-03-2019,12:55,Ewallet,7.4,March
791,448-81-5016,MUMBAI,Normal,Male,Health and beauty,2,125.517,11-03-2019,12:01,Credit card,5.8,March
794,892-05-6689,MUMBAI,Normal,Female,Home and lifestyle,5,148.68,11-03-2019,13:28,Ewallet,6.2,March
795,749-81-8133,MUMBAI,Normal,Female,Fashion accessories,4,397.614,11-03-2019,12:04,Cash,6.8,March
801,253-12-6086,MUMBAI,Member,Female,Sports and travel,7,723.24,12-03-2019,12:43,Credit card,8.7,March
802,565-17-3836,MUMBAI,Member,Female,Health and beauty,4,200.214,12-03-2019,14:21,Cash,9.1,March
809,877-22-3308,MUMBAI,Member,Male,Health and beauty,10,166.635,13-03-2019,16:40,Cash,5.8,March
811,101-17-6199,MUMBAI,Normal,Male,Food and beverages,7,336.5565,13-03-2019,19:44,Credit card,7,March
814,316-01-3952,MUMBAI,Normal,Female,Food and beverages,5,284.9175,13-03-2019,14:16,Ewallet,4.6,March
821,442-48-3607,MUMBAI,Member,Male,Food and beverages,2,49.308,14-03-2019,11:21,Credit card,7.9,March
825,189-52-0236,MUMBAI,Normal,Male,Electronic accessories,7,731.6925,14-03-2019,12:07,Cash,7.6,March
831,169-52-4504,MUMBAI,Normal,Female,Electronic accessories,3,49.4235,14-03-2019,14:13,Credit card,5.8,March
836,139-32-4183,MUMBAI,Member,Female,Sports and travel,9,921.186,14-03-2019,14:19,Ewallet,7.4,March
838,848-62-7243,MUMBAI,Normal,Male,Health and beauty,9,235.2105,15-03-2019,15:36,Cash,7.4,March
839,595-11-5460,MUMBAI,Normal,Male,Health and beauty,2,202.818,15-03-2019,10:12,Credit card,5.1,March
842,510-09-5628,MUMBAI,Member,Female,Fashion accessories,10,206.43,15-03-2019,18:20,Credit card,7.2,March
850,575-30-8091,MUMBAI,Normal,Male,Sports and travel,8,609,16-03-2019,19:25,Ewallet,9.2,March
852,290-68-2984,MUMBAI,Normal,Male,Home and lifestyle,4,99.75,16-03-2019,11:22,Cash,5.2,March
854,727-17-0390,MUMBAI,Normal,Female,Food and beverages,5,333.9525,16-03-2019,12:43,Ewallet,4.8,March
861,220-68-6701,MUMBAI,Normal,Female,Home and lifestyle,4,325.374,17-03-2019,16:36,Cash,4.2,March
863,880-46-5796,MUMBAI,Member,Male,Sports and travel,10,807.66,17-03-2019,19:53,Ewallet,5.6,March
865,439-54-7422,MUMBAI,Normal,Female,Electronic accessories,4,214.998,18-03-2019,17:15,Credit card,4.7,March
866,485-30-8700,MUMBAI,Normal,Female,Sports and travel,5,174.615,18-03-2019,16:10,Credit card,4.2,March
874,831-07-6050,MUMBAI,Normal,Male,Electronic accessories,5,171.7275,19-03-2019,11:30,Credit card,9.9,March
875,850-41-9669,MUMBAI,Normal,Female,Electronic accessories,9,709.317,19-03-2019,13:25,Ewallet,6.2,March
876,898-04-2717,MUMBAI,Normal,Male,Fashion accessories,9,721.98,19-03-2019,15:49,Ewallet,7.5,March
884,737-88-5876,MUMBAI,Member,Male,Home and lifestyle,4,97.818,19-03-2019,11:52,Credit card,5.9,March
885,548-48-3156,MUMBAI,Member,Female,Food and beverages,2,175.014,19-03-2019,13:37,Cash,7.6,March
886,593-08-5916,MUMBAI,Normal,Female,Fashion accessories,1,16.275,19-03-2019,15:23,Credit card,7.4,March
888,213-72-6612,MUMBAI,Normal,Male,Food and beverages,2,90.825,20-03-2019,15:56,Cash,6.2,March
890,828-61-5674,MUMBAI,Member,Male,Sports and travel,10,462.21,20-03-2019,19:57,Credit card,9.6,March
894,760-90-2357,MUMBAI,Member,Male,Electronic accessories,6,469.413,20-03-2019,15:08,Ewallet,5,March
896,509-29-3912,MUMBAI,Member,Female,Sports and travel,9,365.904,20-03-2019,12:24,Ewallet,4.2,March
897,436-54-4512,MUMBAI,Member,Female,Food and beverages,1,96.1905,20-03-2019,19:44,Cash,9.8,March
900,805-86-0265,MUMBAI,Normal,Male,Home and lifestyle,9,887.922,20-03-2019,11:32,Cash,9.8,March
902,827-26-2100,MUMBAI,Member,Male,Home and lifestyle,9,319.788,21-03-2019,16:21,Ewallet,8.8,March
903,512-98-1403,MUMBAI,Member,Female,Electronic accessories,3,83.412,21-03-2019,10:40,Ewallet,4.7,March
904,527-09-6272,MUMBAI,Member,Female,Electronic accessories,5,149.3625,21-03-2019,10:17,Credit card,9.1,March
906,448-61-3783,MUMBAI,Normal,Female,Electronic accessories,8,756.168,21-03-2019,16:08,Credit card,4.5,March
908,227-03-5010,MUMBAI,Member,Female,Home and lifestyle,8,441.756,22-03-2019,19:20,Credit card,8.5,March
910,630-74-5166,MUMBAI,Normal,Male,Sports and travel,6,391.419,22-03-2019,20:19,Cash,7.4,March
911,802-43-8934,MUMBAI,Normal,Male,Home and lifestyle,1,19.194,22-03-2019,15:05,Credit card,8.3,March
912,472-15-9636,MUMBAI,Normal,Male,Home and lifestyle,8,427.812,22-03-2019,19:36,Ewallet,9.2,March
915,550-84-8664,MUMBAI,Normal,Male,Sports and travel,5,451.0275,22-03-2019,14:33,Credit card,8.6,March
916,674-56-6360,MUMBAI,Normal,Male,Electronic accessories,1,99.9075,22-03-2019,14:00,Cash,6,March
917,886-18-2897,MUMBAI,Normal,Female,Food and beverages,5,296.94,22-03-2019,19:06,Credit card,4.5,March
919,865-92-6136,MUMBAI,Normal,Male,Food and beverages,3,166.1625,23-03-2019,10:16,Ewallet,9.3,March
921,407-63-8975,MUMBAI,Normal,Male,Food and beverages,6,465.444,23-03-2019,19:16,Ewallet,4.4,March
922,851-28-6367,MUMBAI,Member,Male,Sports and travel,10,162.75,23-03-2019,10:55,Ewallet,8,March
923,856-22-8149,MUMBAI,Normal,Female,Home and lifestyle,1,26.5545,23-03-2019,10:13,Ewallet,6.1,March
924,795-49-7276,MUMBAI,Normal,Male,Fashion accessories,4,156.03,23-03-2019,18:59,Ewallet,8.3,March
928,884-80-6021,MUMBAI,Member,Female,Electronic accessories,10,771.435,23-03-2019,13:14,Ewallet,9.5,March
933,468-88-0009,MUMBAI,Member,Male,Home and lifestyle,4,276.948,24-03-2019,10:29,Cash,6,March
934,334-64-2006,MUMBAI,Member,Female,Home and lifestyle,2,147.672,24-03-2019,14:22,Ewallet,9.6,March
942,340-66-0321,MUMBAI,Member,Male,Electronic accessories,4,152.712,25-03-2019,13:07,Cash,7.6,March
945,134-75-2619,MUMBAI,Member,Male,Electronic accessories,7,142.002,25-03-2019,18:51,Cash,6.9,March
946,156-95-3964,MUMBAI,Normal,Female,Food and beverages,4,232.638,25-03-2019,15:19,Ewallet,8,March
948,605-03-2706,MUMBAI,Normal,Female,Health and beauty,3,49.77,25-03-2019,18:02,Cash,9.5,March
951,411-77-0180,MUMBAI,Member,Male,Electronic accessories,7,530.67,26-03-2019,20:14,Ewallet,4.3,March
955,797-88-0493,MUMBAI,Normal,Female,Health and beauty,4,269.934,26-03-2019,13:54,Cash,7.7,March
957,587-73-4862,MUMBAI,Member,Female,Health and beauty,5,56.1225,26-03-2019,11:07,Ewallet,7.6,March
958,760-53-9233,MUMBAI,Member,Male,Fashion accessories,3,130.032,26-03-2019,18:37,Credit card,8.5,March
959,807-34-3742,MUMBAI,Normal,Male,Fashion accessories,1,54.999,26-03-2019,19:44,Cash,5.8,March
960,595-94-9924,MUMBAI,Member,Female,Health and beauty,5,145.5825,26-03-2019,20:21,Credit card,4.2,March
962,106-35-6779,MUMBAI,Member,Male,Home and lifestyle,2,93.114,27-03-2019,11:26,Cash,5.8,March
963,633-44-8566,MUMBAI,Member,Male,Food and beverages,7,362.943,27-03-2019,20:35,Credit card,7.3,March
964,238-49-0436,MUMBAI,Normal,Male,Health and beauty,8,272.664,27-03-2019,13:48,Credit card,4.9,March
966,278-86-2735,MUMBAI,Normal,Female,Food and beverages,3,164.871,27-03-2019,14:03,Cash,9.2,March
969,186-71-5196,MUMBAI,Member,Female,Food and beverages,2,167.034,27-03-2019,16:30,Ewallet,6.2,March
972,212-62-1842,MUMBAI,Normal,Male,Food and beverages,6,367.038,28-03-2019,16:44,Cash,9.9,March
975,531-80-1784,MUMBAI,Normal,Male,Electronic accessories,7,191.247,28-03-2019,17:38,Cash,5.1,March
977,470-32-9057,MUMBAI,Member,Male,Food and beverages,5,269.535,28-03-2019,15:31,Credit card,9.1,March
979,420-97-3340,MUMBAI,Normal,Female,Food and beverages,3,225.792,28-03-2019,15:30,Credit card,9.2,March
980,857-16-3520,MUMBAI,Member,Female,Fashion accessories,7,525.231,28-03-2019,16:06,Ewallet,4.5,March
981,333-23-2632,MUMBAI,Member,Male,Health and beauty,7,74.088,28-03-2019,20:14,Cash,4.2,March
982,829-34-3910,MUMBAI,Normal,Female,Health and beauty,10,749.49,29-03-2019,19:21,Cash,5.7,March
987,218-59-9410,MUMBAI,Member,Female,Home and lifestyle,3,228.123,29-03-2019,16:54,Ewallet,8.2,March
991,286-01-5402,MUMBAI,Normal,Female,Sports and travel,7,295.6905,30-03-2019,13:22,Cash,9.6,March
993,676-39-6028,MUMBAI,Member,Female,Electronic accessories,5,338.31,30-03-2019,17:04,Cash,6.6,March
998,291-55-6563,MUMBAI,Member,Female,Home and lifestyle,6,216.846,30-03-2019,12:45,Ewallet,7.5,March
999,361-85-2571,MUMBAI,Normal,Female,Sports and travel,5,469.77,30-03-2019,10:18,Cash,7.4,March
